{"cameraMode":{"drawMode":0,"name":"Shaded","section":"Shading Mode"},"sceneLighting":false,"audioPlay":false,"sceneViewState":{"m_AlwaysRefresh":false,"showFog":true,"showSkybox":false,"showFlares":true,"showImageEffects":true,"showParticleSystems":true,"showVisualEffectGraphs":true,"m_FxEnabled":true},"in2DMode":false,"pivot":{"x":-13.642631530761719,"y":-2.5899314880371095,"z":-8.796961784362793},"rotation":{"x":0.049507204443216327,"y":0.10616331547498703,"z":-0.0052922689355909828,"w":0.993105411529541},"size":0.8660253882408142,"orthographic":false}